INSERT INTO PLANETA
       VALUES
            ('Terra', 'Solar', 'SIM'),
            ('Júpiter', 'Solar', 'NAO'),
            ('Titã', 'Solanus', 'SIM'),
            ('Cybertron', 'Aguilar', 'NAO'),
            ('Marte', 'Solar', 'SIM');

INSERT INTO LUA
       VALUES
            ('Terra', 'Lua'),
            ('Júpiter', 'Eoropa'),
            ('Júpiter', 'Calisto'),
            ('Júpiter', 'Io'),
            ('Júpiter', 'Ganimedes'),
            ('Marte', 'Fobos'),
            ('Marte', 'Deimos');

INSERT INTO NAVE
       VALUES
            ('HSL9D9S2', 381, 15000525, 120000),
            ('LDV37C3F', 1032, 200500, 50000);

INSERT INTO COLONIA
       VALUES
            (123456789100,'Terra',-30,80,'Nova Catanduva',1500),
            (123456789101,'Terra',50,170,'Brasilio',2300),
            (123456789102,'Marte',10,120,'Natalina',2321),
	    (123456789103,'Titã',-70,110,'Ararino',3500),	
	    (123456789104,'Marte',-20,-170,'Campo Longo',4000),
	    (123456789105,'Titã',60,-35,'São Marcos',4500);

INSERT INTO INSTALACAO
       VALUES
            (123456789, 123456789100, 'Benjamin', 492, 'HOSPITAL', 152, 10000000, 1000, 1200),
            (112255924, 123456789101, 'SantosB', 2, 'LABORATORIO', 24, 400000, 200, 250),
            (861820375, 123456789102, 'Caioba', 101, 'BASE MILITAR', 200, 35000000, 1200, 2000),
            (889347311, 123456789103, 'ETBilu', 530, 'LABORATORIO', 30, 550000, 220, 240),
            (343872300, 123456789104, 'Palmeiras', 12, 'BASE MILITAR', 158, 40000000, 1500, 2100),
            (412986490, 123456789105, 'Treze', 198, 'HOSPITAL', 204, 15000000, 980, 1100);

INSERT INTO PESSOA
       VALUES
            (12345678900,'Gabriel',123456789100,TO_DATE('04/02/2003', 'DD/MM/YYYY'),'Militar'),
            (12345678901,'Caio',123456789101,TO_DATE('10/07/2002', 'DD/MM/YYYY'),'Militar'),
            (12345678902,'Arthur',123456789102,TO_DATE('15/08/1985','DD/MM/YYYY'),'Operario'),
            (12345678903,'Daniela',123456789103,TO_DATE('04/07/2000', 'DD/MM/YYYY'),'Profissional da Saude'),
            (12345678904,'Melissa',123456789105,TO_DATE('19/02/2003','DD/MM/YYYY'),'Engenheiro'),
            (12345678905,'Bruna',123456789105,TO_DATE('17/09/2003','DD/MM/YYYY'),'Profissional da Saude'),
            (12345678906,'Felipe',123456789104,TO_DATE('31/01/2001','DD/MM/YYYY'),'Militar'),
            (12345678907,'Daniel',123456789105,TO_DATE('11/11/2002', 'DD/MM/YYYY'),'Engenheiro'),
            (12345678908,'Guilherme',123456789103,TO_DATE('23/01/2001','DD/MM/YYYY'),'Pesquisador'),
            (12345678909,'Aquiles',123456789100,TO_DATE('11/09/1994','DD/MM/YYYY'),'Operario'),
	    (12345678910,'Fausto Silva',123456789103,TO_DATE('08/03/1990','DD/MM/YYYY'),'Militar'),
	    (12345678911,'Leila Pereira',123456789104,TO_DATE('01/01/2001','DD/MM/YYYY'),'Militar'),
	    (12345678912,'Edson Arantes',123456789102,TO_DATE('12/10/1994','DD/MM/YYYY'),'Militar'),
	    (12345678913,'Marcos Leonardo',123456789102,TO_DATE('01/02/2003','DD/MM/YYYY'),'Pesquisador'),
	    (12345678914,'Joaquim',123456789103,TO_DATE('10/04/1999','DD/MM/YYYY'),null),
	    (12345678915,'Mancho Verdo',123456789100,TO_DATE('02/02/1992','DD/MM/YYYY'),null);

INSERT INTO ENGENHEIRO
       VALUES
            (12345678907,1234567890),
            (12345678904,1234567891);

INSERT INTO OPERARIO
       VALUES
            (12345678909,23456789012),
            (12345678902,23456789013);

INSERT INTO PROFISSIONAL_SAUDE
       VALUES
            (12345678903, 813401),
            (12345678905, 198245);

INSERT INTO PESQUISADOR
       VALUES
            (12345678908, 1289516259),
            (12345678913, 8023457092);

INSERT INTO BASE_MILITAR
       VALUES
            (861820375),
            (343872300);

INSERT INTO MILITAR
       VALUES
            (12345678900, 'Tenente', 'Piloto', '06:00:00', '18:00:00', 343872300),
            (12345678901, 'Cabo', 'Soldado', '10:00:00', '22:00:00', 861820375),
            (12345678906, 'Sargento', 'Explorador', '12:00:00', '00:00:00', 343872300),
            (12345678910, 'Major', 'Soldado', '22:00:00', '10:00:00', 343872300),
            (12345678911, 'General', 'Piloto', '18:00:00', '06:00:00', 861820375),
            (12345678912, 'Coronel', 'Explorador', '00:00:00', '12:00:00', 861820375);

INSERT INTO PILOTO
       VALUES
            (12345678900,1234567890),
            (12345678911,1234567891);

INSERT INTO EXPLORADOR
       VALUES
            (12345678906),
            (12345678912);

INSERT INTO SOLDADO
       VALUES
            (12345678901),
            (12345678910);

INSERT INTO LABORATORIO
       VALUES
            (112255924),
            (889347311);

INSERT INTO PROJETO_PESQUISA
       VALUES
            (123456, 12345678908, 889347311, 'Tecnologia'),
            (654321, 12345678913, 112255924, 'Químico');

INSERT INTO HOSPITAL
       VALUES
            (123456789, 'Albert Einstein', 300, 101),
            (412986490, 'Unimed', 500, 232);

INSERT INTO DEFENDE
       VALUES
            (123456789101, 12345678901),
            (123456789103, 12345678910);

INSERT INTO EXPLORA
       VALUES
            ('Marte',12345678906, '21/06/2023 12:30:00'),
            ('Titã', 12345678912,'10/08/2023 17:00:00');

INSERT INTO PROJETA_INSTALACAO
       VALUES
            (12345678907,889347311),
            (12345678904,861820375),
            (12345678904,112255924),
	    (12345678907,123456789),
	    (12345678907,412986490);

INSERT INTO CONSTROI_INSTALACAO
       VALUES
            (12345678902,343872300),
            (12345678909,861820375);

INSERT INTO TRABALHO_SAUDE
       VALUES
            (12345678903,123456789,'10:00:00','18:00:00'),
            (12345678905,412986490,'02:00:00','10:00:00');

INSERT INTO ROTA
       VALUES
          (123456789103,123456789100,119000,12000),
          (123456789100,123456789101,270,540),
	     (123456789102,123456789104,330,170),
	     (123456789103,123456789105,400,200),
	     (123456789104,123456789105,40000,13000),
          (123456789101,123456789104,25000,8000),
          (123456789105,123456789101,49000,11000),
	     (123456789104,123456789100,10000,5000);

INSERT INTO VIAGEM
       VALUES
         ('12/02/2023 10:30:00','HSL9D9S2',123456789103,123456789105,400,'12/02/2023 12:30:00',200,12345678900,'02:00:00'),
	    ('20/08/2023 05:00:00','HSL9D9S2',123456789103,123456789100,119000,'21/08/2023 00:00:00',1400,12345678900,'19:00:00'),
         ('12/10/2022 15:30:00','HSL9D9S2',123456789100,123456789101,270,'12/10/2022 16:00:00',230,12345678900,'00:30:00'),
	    ('30/03/2020 21:30:00','HSL9D9S2',123456789102,123456789104,330,'30/03/2020 22:20:00',260,12345678900,'00:50:00'),
	    ('20/02/2023 05:30:00','LDV37C3F',123456789104,123456789105,40000,'20/02/2023 15:00:00',1000,12345678911, '11:30:00'),
         ('31/01/2022 20:00:00','LDV37C3F',123456789101,123456789104,25000,'01/02/2022 02:00:00',500,12345678911,'6:00:00'),
         ('04/02/2023 18:00:00','LDV37C3F',123456789105,123456789101,49000,'05/02/2023 14:30:00',1375,12345678911,'20:00:00'),
	    ('21/07/2022 11:00:00','LDV37C3F', 123456789104,123456789100,10000,'21/07/2022 21:30:00',510,12345678911,'10:30:00');	
	

INSERT INTO VIAJAM
       VALUES
            (12345678900,'10/01/2023 09:30:00', 'HSL9D9S2'),
	    (12345678911,'27/09/2023 19:00:00', 'LDV37C3F'),
	    (12345678902,'2020-03-30 21:30:00', 'HSL9D9S2'),
	    (12345678902,'2023-02-12 10:30:00', 'HSL9D9S2'),
	    (12345678902,'2023-08-20 05:00:00', 'HSL9D9S2'),
	    (12345678902,'2022-10-12 15:30:00', 'HSL9D9S2');
