INSERT INTO PLANETA
       VALUES
            ('Terra', 'Solar', 'SIM'),
            ('Júpiter', 'Solar', 'NAO'),
            ('Titã', 'Solanus', 'SIM'),
            ('Cybertron', 'Aguilar', 'NAO'),
            ('Marte', 'Solar', 'SIM');

INSERT INTO LUA
       VALUES
            ('Terra', 'Lua'),
            ('Júpiter', 'Eoropa'),
            ('Júpiter', 'Calisto'),
            ('Júpiter', 'Io'),
            ('Júpiter', 'Ganimedes'),
            ('Marte', 'Fobos'),
            ('Marte', 'Deimos');

INSERT INTO NAVE
       VALUES
            ('HSL9D9S2', 381, 15000525, 120000),
            ('LDV37C3F', 1032, 200500, 50000);

INSERT INTO COLONIA
       VALUES
            (123456789100,'Terra',123,123,'Nova Catanduva',1500),
            (123456789101,'Terra',124,125,'Brasilio',2300),
            (123456789102,'Marte',100,100,'Natalina',2321)
	    (123456789103,'Titã',500,500,'Ararino',3500)	
	    (123456789104,'Marte',700,700,'Campo Longo',4000)
	    (123456789105,'Titã',800,800,'São Marcos',4500);

INSERT INTO INSTALACAO
       VALUES
            (),
            (),
            ();

INSERT INTO PESSOA
       VALUES
            (12345678900,'Gabriel','Nova Catanduva','04/02/2003',),
            (12345678901,'Caio'),
            (12345678902,'Arthur'),
            (12345678903,'Daniela'),
            (12345678904,'Melissa'),
            (12345678905,'Bruna'),
            (12345678906,'Felipe'),
            (12345678907,'Daniel'),
            (12345678908,'Guilherme'),
            (12345678909,'Aquiles');

INSERT INTO ENGENHEIRO
       VALUES
            (),
            ();

INSERT INTO OPERARIO
       VALUES
            (),
            ();

INSERT INTO PROFISSIONAL_SAUDE
       VALUES
            (),
            ();

INSERT INTO PESQUISADOR
       VALUES
            (),
            ();

INSERT INTO BASE_MILITAR
       VALUES
            (),
            ();

INSERT INTO MILITAR
       VALUES
            (),
            ();

INSERT INTO PILOTO
       VALUES
            (),
            ();

INSERT INTO EXPLORADOR
       VALUES
            (),
            ();

INSERT INTO SOLDADO
       VALUES
            (),
            ();

INSERT INTO LABORATORIO
       VALUES
            (),
            ();

INSERT INTO PROJETO_PESQUISA
       VALUES
            (),
            ();

INSERT INTO HOSPITAL
       VALUES
            (),
            ();

INSERT INTO DEFENDE
       VALUES
            (),
            ();

INSERT INTO EXPLORA
       VALUES
            (),
            ();

INSERT INTO PROJETA_INSTALACAO
       VALUES
            (),
            ();

INSERT INTO CONSTROI_INSTALACAO
       VALUES
            (),
            ();

INSERT INTO TRABALHO_SAUDE
       VALUES
            (),
            ();

INSERT INTO ROTA
       VALUES
            (),
            ();

INSERT INTO VIAGEM
       VALUES
            (),
            ();

INSERT INTO VIAJAM
       VALUES
            (),
            ();
